delivery_id,order_id,delivery_status,updated_on
1,1,DELIVERED,05-08-2025
2,2,IN_TRANSIT,06-08-2025
3,3,DELIVERED,03-08-2025
4,4,IN_TRANSIT,11-08-2025
5,5,PLACED,15-08-2025
6,6,DELIVERED,08-08-2025
7,7,PLACED,18-08-2025
8,8,IN_TRANSIT,13-08-2025
