order_id,customer_id,order_date,total_amount
1,1,01-08-2025,2500
2,2,05-08-2025,1800
3,3,02-08-2025,3200
4,4,10-08-2025,1450
5,5,15-08-2025,2200
6,6,07-08-2025,2750
7,7,18-08-2025,900
8,8,12-08-2025,1100
