order_id,customer_id,order_date,total_amount,delivery_id,delivery_status,updated_on
1,1,01-08-2025,2500,1,DELIVERED,05-08-2025
2,2,05-08-2025,1800,2,IN_TRANSIT,06-08-2025
3,3,02-08-2025,3200,3,DELIVERED,03-08-2025
4,4,10-08-2025,1450,4,IN_TRANSIT,11-08-2025
5,5,15-08-2025,2200,5,PLACED,15-08-2025
6,6,07-08-2025,2750,6,DELIVERED,08-08-2025
7,7,18-08-2025,900,7,PLACED,18-08-2025
8,8,12-08-2025,1100,8,IN_TRANSIT,13-08-2025
